"","ID","Age","Experience","Income","ZIPCode","Family","CCAvg","Education","Mortgage","PersonalLoan","SecuritiesAccount","CDAccount","Online","CreditCard"
"1",4533,48,22,133,90073,2,3.1,2,0,1,0,0,1,0
"2",4409,64,40,181,93403,2,2.3,2,0,1,0,1,1,1
"3",955,37,12,169,91107,2,5.2,3,249,1,0,0,1,0
"6",4860,34,8,165,91107,1,7,3,541,1,0,0,0,0
"7",3272,52,27,93,90291,4,4.1,2,0,1,0,0,0,1
"9",3920,64,34,179,90024,2,4.5,3,400,1,0,0,0,0
"10",3767,59,35,108,90245,4,3.8,2,304,1,0,0,1,0
"11",4942,28,4,112,90049,2,1.6,2,0,1,0,0,1,0
"13",4302,49,24,130,92677,4,1.1,1,281,1,0,1,1,0
"15",1321,31,7,192,90250,1,0,2,0,1,0,0,1,0
"16",2971,54,30,121,95039,2,1.1,3,0,1,1,0,0,0
"17",4628,27,1,134,93106,1,1.7,2,307,1,0,0,1,0
"19",3007,62,37,169,95014,3,5,2,184,1,0,1,1,1
"20",4586,35,11,180,94010,1,3.6,3,571,1,0,1,1,1
"21",1652,62,36,158,94301,2,6.3,3,0,1,0,0,1,0
"22",4813,29,4,184,92126,4,2.2,3,612,1,0,0,1,0
"23",3404,54,29,82,94709,3,3.7,2,0,1,0,0,1,0
"24",4703,35,5,108,90630,2,2.75,3,0,1,1,0,0,0
"26",529,64,39,122,90089,4,0.2,1,378,1,0,0,1,0
"27",4164,54,28,108,94110,4,1.9,2,0,1,0,0,1,0
"28",4629,27,1,130,94801,3,2.9,2,0,1,0,0,0,0
"29",4440,33,7,104,94542,2,3.6,3,0,1,0,0,0,1
"30",729,45,20,114,94720,2,4.4,2,0,1,0,0,0,0
"31",2987,55,30,153,94305,2,2.8,2,0,1,1,1,1,0
"32",244,65,39,170,90095,3,7.9,3,99,1,0,1,1,0
"33",2603,52,26,161,93108,4,4.3,1,0,1,0,1,1,1
"34",262,42,16,111,93106,2,1.2,3,251,1,0,0,1,0
"35",4963,46,20,122,90065,3,3,3,0,1,0,1,1,1
"36",3061,64,38,168,94061,4,5.7,3,0,1,0,0,1,0
"37",4217,60,35,173,90059,3,3.1,3,0,1,0,0,1,0
"38",1274,60,35,130,95741,3,6.3,3,437,1,0,1,1,1
"40",2491,52,28,168,90404,3,6.5,3,118,1,0,0,1,0
"41",1834,34,9,178,94303,1,0.8,3,0,1,0,0,0,0
"43",4088,52,28,179,94583,4,4.2,3,0,1,0,0,0,0
"45",2062,63,38,159,93950,4,4.9,2,111,1,0,0,0,0
"47",3836,33,9,131,90065,3,2.2,3,0,1,1,0,0,0
"49",2899,27,1,140,91711,1,5.9,2,175,1,1,1,1,0
"50",1245,33,8,130,94720,3,6.3,2,99,1,0,0,0,1
"51",835,36,12,150,95138,4,5.4,1,0,1,1,1,1,0
"53",2110,47,23,178,93014,1,6.5,3,0,1,0,0,0,0
"54",1063,47,21,83,92220,1,3.8,1,97,1,0,0,0,0
"55",323,63,39,101,92007,1,3.9,1,0,1,1,1,1,0
"56",1632,61,36,153,91105,1,2.6,2,0,1,1,1,0,1
"57",3944,61,36,188,91360,1,9.3,2,0,1,0,0,0,0
"58",1408,63,39,101,94306,2,3.9,3,294,1,0,0,1,0
"59",1785,54,29,119,91355,3,2,1,0,1,1,1,0,0
"60",465,43,19,83,94305,4,3.6,3,0,1,0,0,0,1
"62",1653,48,18,182,92626,4,6,3,0,1,0,0,1,0
"64",19,46,21,193,91604,2,8.1,3,0,1,0,0,0,0
"66",4423,57,31,164,94607,2,3.8,3,422,1,0,1,1,1
"67",2839,30,6,181,94542,3,4.1,2,0,1,0,1,1,1
"68",4605,32,7,81,90601,2,3.4,2,0,1,0,0,0,1
"69",538,44,20,131,90717,1,4.9,3,0,1,0,0,1,0
"71",3296,42,16,141,94960,3,4,2,0,1,0,0,0,0
"72",2096,47,21,174,94025,4,3.2,3,0,1,0,0,0,0
"73",1642,58,34,152,92182,4,3.6,3,0,1,0,0,0,0
"74",1167,30,5,112,91711,4,5,2,0,1,0,0,0,1
"76",76,31,7,135,94901,4,3.8,2,0,1,0,1,1,1
"77",3891,42,17,139,91101,2,2.9,3,0,1,0,0,1,0
"78",2715,46,20,158,92870,3,5.4,1,432,1,0,0,0,1
"79",976,63,38,83,92122,2,3.4,1,0,1,0,0,0,0
"80",1129,30,5,171,94025,2,1.9,2,0,1,0,0,0,0
"82",4415,33,8,178,94720,3,8.5,1,0,1,1,1,1,0
"85",2875,49,25,114,91380,1,2.5,3,0,1,0,0,1,0
"86",4791,35,11,101,94143,3,3.8,3,150,1,0,0,1,0
"89",2160,61,35,99,94085,1,4.8,3,255,1,0,0,0,1
"90",2231,36,11,183,94704,1,3,3,0,1,0,1,1,1
"92",2534,54,29,111,93023,1,1.1,2,0,1,0,0,1,0
"93",4653,38,12,184,91311,3,8,1,0,1,0,0,1,0
"94",897,50,24,161,95133,3,3.4,1,212,1,0,0,1,0
"95",3001,40,14,164,94720,1,4.3,2,0,1,0,0,0,0
"96",3034,43,19,130,90630,2,4.7,3,221,1,0,0,0,1
"98",1799,44,20,185,94086,3,2.7,1,0,1,0,0,1,0
"99",3161,41,15,158,94304,1,4.7,2,0,1,1,1,0,1
"100",1583,43,19,170,92037,4,4.25,1,318,1,0,1,1,1
"101",1207,63,37,165,95035,4,5.1,3,0,1,0,0,0,0
"102",4706,61,37,141,92677,3,0.7,1,0,1,0,1,1,1
"103",1409,40,14,129,90089,1,5.9,3,0,1,0,0,1,0
"104",2512,51,27,92,92121,4,3,1,0,1,0,1,1,1
"107",4426,26,0,164,95973,2,4,3,301,1,0,0,1,0
"108",1790,44,20,171,91330,4,0.7,1,567,1,0,1,1,1
"109",1403,55,29,172,95064,1,5.2,2,0,1,0,0,0,0
"110",567,53,28,175,95060,3,3.6,3,0,1,0,1,1,1
"111",1590,57,32,124,90049,1,0.2,2,0,1,0,0,1,0
"112",1999,56,32,103,94111,3,4,3,0,1,0,0,0,0
"113",2078,34,9,160,94108,4,8,3,0,1,0,0,0,1
"115",3289,56,30,140,94122,4,0.5,1,292,1,0,0,0,0
"118",1162,36,11,181,94309,3,1.4,1,0,1,0,0,0,0
"119",655,54,29,129,93940,4,4.2,3,0,1,0,0,0,0
"121",248,53,29,120,92626,4,2.7,2,111,1,1,1,1,0
"123",663,65,41,185,93561,3,2,2,0,1,0,0,0,0
"126",3269,43,17,111,91423,4,5.4,3,0,1,0,0,1,0
"127",318,40,16,119,91335,2,4.2,2,0,1,0,0,1,0
"128",672,65,41,105,92612,1,3,2,282,1,1,1,1,0
"129",2722,58,33,173,92121,2,7.2,3,0,1,0,0,1,0
"130",1795,56,32,98,91355,3,3.9,3,0,1,0,0,0,0
"131",1130,30,4,73,94305,3,3.3,1,0,1,0,1,1,1
"133",349,40,15,173,95060,4,6.6,1,0,1,0,1,1,1
"134",1015,50,26,192,90245,2,1.8,3,301,1,0,1,1,1
"136",1825,49,23,194,94022,4,8.3,2,0,1,0,0,0,1
"137",3155,27,1,99,94305,1,3,3,149,1,0,0,0,1
"139",1106,35,10,182,95051,1,0.3,2,229,1,0,1,1,1
"140",2813,53,28,183,96008,3,8.2,3,467,1,0,1,1,1
"141",1374,60,35,135,92612,3,0.3,3,0,1,0,0,1,0
"142",1412,65,39,184,91302,1,5.4,3,176,1,0,1,1,1
"144",2048,63,38,134,90640,3,4,2,0,1,0,0,0,1
"145",4309,44,20,132,94115,3,2.6,1,308,1,0,0,0,0
"146",3662,29,4,120,94553,1,4.1,2,0,1,1,1,0,1
"147",2429,39,12,108,92717,4,3.67,2,301,1,0,0,0,1
"149",4471,44,20,111,91911,2,5.3,2,0,1,0,0,1,0
"150",3384,46,22,135,95135,3,4.1,1,213,1,0,0,1,0
"151",4594,54,30,133,95747,1,5,2,0,1,0,0,0,1
"153",2268,38,13,168,92647,2,1.3,3,0,1,0,0,0,0
"154",474,64,39,182,93955,1,1.2,2,547,1,0,0,1,0
"155",3340,27,1,141,95135,4,5.1,3,354,1,0,0,0,0
"157",571,49,25,161,94928,3,6.5,2,485,1,1,1,0,0
"158",3844,32,7,129,94720,4,5.2,2,0,1,0,0,0,1
"159",39,42,18,141,94114,3,5,3,0,1,1,1,1,0
"160",2879,45,19,122,94590,4,4.1,2,0,1,0,0,1,0
"161",2374,33,9,184,94304,2,4.8,2,0,1,0,0,0,0
"163",1883,56,32,125,91330,3,0.6,1,342,1,0,1,1,1
"164",161,29,0,134,95819,4,6.5,3,0,1,0,0,0,0
"165",3606,61,31,130,92333,2,2.6,3,0,1,0,0,0,0
"166",4169,60,34,139,95020,4,0.4,1,0,1,0,0,1,0
"167",1496,52,28,178,92647,3,5.4,3,147,1,0,0,1,0
"169",4259,52,26,155,92660,3,7.2,2,0,1,0,0,1,0
"170",2773,55,31,130,92646,4,6.5,1,0,1,0,0,0,1
"171",2216,28,3,193,94501,3,4,2,0,1,0,0,1,0
"172",1605,55,29,111,90502,2,3.6,3,0,1,0,0,0,1
"173",1769,43,18,128,92093,4,5.3,1,84,1,0,0,0,0
"174",1578,34,8,65,92093,1,3,1,227,1,0,0,1,0
"176",43,32,7,132,90019,4,1.1,2,412,1,0,0,1,0
"177",3748,26,0,83,91360,3,3.9,2,0,1,0,0,1,0
"179",3987,38,14,182,92152,3,2.6,3,0,1,0,1,1,1
"180",4311,65,41,170,94143,4,6.1,2,0,1,0,1,1,1
"182",1205,26,1,190,91604,4,1.3,2,197,1,0,0,1,0
"183",892,32,6,120,94102,4,5.4,1,301,1,0,1,1,1
"185",4626,45,21,102,92037,4,4.7,2,81,1,0,0,0,0
"187",3473,54,27,120,92672,4,3,2,431,1,0,0,1,0
"188",4170,41,17,143,90059,2,2.7,3,209,1,0,0,1,0
"189",3327,53,27,174,91006,1,2.9,2,0,1,0,0,1,0
"190",300,41,15,159,90057,1,5.5,3,0,1,0,1,1,0
"191",3468,63,37,149,90840,2,0.2,3,364,1,0,0,1,0
"192",3705,36,11,184,91304,2,5.1,2,0,1,0,0,0,0
"193",2591,46,20,152,95814,1,7.4,3,374,1,0,1,1,1
"194",2503,58,31,178,92009,2,6,2,0,1,0,0,1,0
"196",806,55,29,132,95758,3,5.9,2,307,1,0,0,0,0
"197",4355,40,16,140,93940,3,5.6,1,0,1,0,0,0,0
"198",2338,43,16,201,95054,1,10,2,0,1,0,0,0,1
"199",1519,43,17,64,95053,4,3,3,221,1,0,0,1,0
"200",2969,44,18,162,90840,4,1.3,1,301,1,0,0,0,0
"201",4495,29,4,182,95354,1,3.7,3,0,1,0,0,1,0
"203",48,37,12,194,91380,4,0.2,3,211,1,1,1,1,1
"204",4155,51,25,163,94305,2,1.3,3,0,1,0,0,1,0
"205",4082,60,35,155,92521,1,1.5,3,0,1,0,0,0,1
"206",188,46,21,159,94305,3,1.9,3,315,1,0,0,1,0
"207",463,29,4,183,91423,3,8.3,3,0,1,0,0,1,0
"208",2179,37,13,158,93943,2,2.3,2,0,1,0,1,1,1
"209",1823,48,23,112,93014,1,5.1,2,86,1,1,1,1,0
"211",771,26,2,172,94551,2,6.9,2,0,1,0,0,1,0
"212",2540,32,7,98,95929,1,4.2,1,171,1,1,1,0,0
"213",1177,29,3,103,90049,4,3.4,1,0,1,0,0,1,0
"214",2316,52,26,182,95818,2,1.4,2,0,1,0,0,1,0
"215",3946,29,3,123,92821,3,5.6,3,428,1,0,0,1,0
"217",4176,42,17,154,93955,3,4.9,1,0,1,0,1,1,1
"218",814,50,25,130,94720,1,1.1,2,0,1,0,0,1,0
"219",4094,49,24,138,93111,2,2.2,2,0,1,0,0,1,0
"220",3859,42,18,158,92124,2,0.4,2,277,1,0,0,0,1
"221",506,36,12,69,94305,3,3.1,2,0,1,0,0,1,0
"222",3574,60,36,165,90095,3,5.6,1,0,1,0,0,0,1
"223",4017,53,28,173,91614,4,2.7,1,427,1,0,0,1,0
"224",1604,36,6,138,92152,1,7,3,86,1,0,0,1,0
"225",3328,42,18,164,93407,1,1.3,3,0,1,1,1,1,1
"226",2263,55,29,131,95070,2,0.7,2,0,1,0,0,0,1
"227",2615,35,11,160,92093,4,5.7,3,0,1,1,0,0,0
"228",3563,32,8,169,94596,1,6.5,3,272,1,1,1,1,0
"229",3319,46,20,105,90089,4,3.2,1,0,1,0,0,0,0
"232",4843,49,23,174,95449,3,4.6,2,590,1,0,0,0,0
"233",200,36,11,158,92152,1,5.1,3,0,1,0,1,1,1
"234",1008,44,19,99,95064,3,3.5,3,357,1,0,0,0,0
"236",483,56,32,173,94022,1,4.6,2,88,1,0,1,1,0
"237",1826,56,32,161,94720,1,5.8,3,0,1,1,0,0,0
"238",1025,58,33,122,93711,4,0.2,2,0,1,0,1,1,0
"239",928,65,40,95,95014,3,3.7,2,138,1,0,0,0,1
"240",4358,39,14,141,93302,4,6.3,1,0,1,1,1,1,1
"241",1203,35,11,24,95521,4,0.4,2,0,0,0,0,0,0
"243",4262,53,28,18,92507,4,0.8,1,0,0,0,0,0,0
"244",2325,41,11,35,93107,1,0.75,3,114,0,0,0,1,0
"245",2730,58,34,63,90007,4,1.5,1,0,0,0,0,1,0
"246",979,52,26,68,92068,1,0.8,3,0,0,0,0,1,1
"247",1058,30,0,63,95503,2,1.75,3,0,0,0,0,1,0
"248",419,27,0,33,90089,4,1,3,0,0,0,0,0,0
"249",511,51,26,62,95136,1,1.3,2,221,0,0,0,1,0
"250",4639,37,13,89,91711,2,1.7,2,0,0,0,0,1,0
"251",1922,45,21,63,95621,1,0.8,3,245,0,0,0,1,1
"252",4118,39,14,18,92037,4,0.2,3,0,0,1,0,0,0
"253",3648,41,14,32,91605,3,1,2,0,0,0,0,0,1
"254",4761,50,25,18,95819,2,0,1,0,0,0,0,0,1
"255",4509,27,2,85,94117,1,1.9,1,0,0,0,0,1,1
"256",1801,57,33,45,94080,3,1.5,1,181,0,1,1,1,1
"258",2204,50,25,130,91320,1,0.6,1,311,0,0,0,0,0
"259",3562,30,6,31,94720,3,1,2,142,0,0,0,0,0
"260",2239,48,22,35,92709,1,1.4,3,0,0,0,0,1,0
"262",487,55,30,84,92173,2,3.7,1,304,0,1,0,1,0
"263",2541,49,23,41,95521,4,0.1,1,153,0,0,0,1,0
"264",1202,35,8,38,95060,4,1,2,0,0,0,0,1,0
"265",2938,62,36,89,94022,2,2,1,0,0,0,0,1,1
"268",2756,37,11,22,93711,3,0.1,2,0,0,0,0,1,1
"269",3547,65,40,34,94720,1,1.1,3,119,0,0,0,1,1
"270",2026,47,20,79,94720,3,2,2,185,0,1,0,0,0
"271",3459,48,23,191,95053,2,2.8,1,231,0,0,0,0,1
"272",2314,58,32,54,94035,3,0.3,2,0,0,0,0,1,1
"273",498,48,22,94,90623,4,2.6,3,0,0,0,0,1,0
"274",3092,58,32,42,95020,3,1.4,3,158,0,0,0,0,1
"275",1770,60,36,62,94061,4,2.2,1,0,0,0,0,0,0
"276",3688,34,10,45,93943,1,1.33,1,0,0,0,0,0,0
"277",3679,49,25,30,92093,4,0.6,1,0,0,0,0,0,0
"278",186,39,14,115,91320,1,1,3,0,0,0,0,1,0
"279",374,49,25,20,90291,4,1,1,111,0,0,0,1,1
"280",3642,59,35,74,94402,4,2.3,3,0,0,0,0,0,0
"281",861,57,31,30,95841,2,0.7,2,145,0,0,0,0,0
"283",3180,43,17,53,90245,2,0.7,1,130,0,1,0,1,0
"284",4829,52,28,62,90089,1,1.8,3,0,0,0,0,1,0
"285",4132,48,23,23,94534,4,0.4,2,122,0,0,0,0,0
"286",2874,48,23,35,93943,1,0.1,1,0,0,1,0,1,0
"287",3657,35,8,30,95014,4,1,2,0,0,1,0,0,0
"290",1231,27,1,25,94920,4,0.3,2,0,0,0,0,1,1
"292",468,45,20,39,90232,1,2.4,1,0,0,0,0,0,1
"294",3637,37,11,64,96094,3,0.9,2,0,0,0,0,1,0
"295",907,29,3,154,94720,2,2,1,130,0,0,0,0,0
"296",1521,54,30,120,95039,1,7.4,1,119,0,0,0,1,1
"297",375,30,5,98,91941,2,3.1,1,220,0,0,0,1,0
"298",697,51,27,63,92251,2,1,3,82,0,0,0,1,0
"300",2291,38,13,78,91942,4,0.7,3,0,0,0,0,1,0
"301",3524,29,4,150,91302,1,0.8,1,0,0,0,0,0,1
"302",2259,59,33,93,91320,2,0.7,2,0,0,0,0,0,0
"303",4865,41,16,52,91311,2,2.2,3,0,0,0,0,1,0
"305",4846,45,21,128,94305,1,4.7,1,0,0,0,0,0,0
"306",2233,59,33,140,95035,2,0.5,1,262,0,0,0,1,0
"307",3124,44,17,22,94546,3,1,2,126,0,0,0,1,1
"308",1772,46,21,9,95023,2,0.7,3,0,0,0,0,1,0
"309",1278,45,20,194,92110,2,8.8,1,428,0,0,0,0,0
"310",1221,41,17,165,94143,2,8,1,0,0,0,0,1,0
"311",1470,59,35,59,90005,4,1.2,2,0,0,0,0,1,0
"312",3864,34,10,21,91770,4,0.7,2,0,0,0,0,1,0
"314",2038,35,8,52,95616,2,1,2,0,0,0,0,0,1
"315",4569,26,0,44,94305,4,1.3,3,0,0,1,0,0,0
"316",3761,56,26,70,91107,3,1.4,3,273,0,0,0,1,1
"317",1665,61,35,63,91605,1,1.6,1,0,0,0,0,1,0
"318",1366,60,35,43,94720,3,0.9,3,0,0,0,0,1,1
"319",989,63,39,32,94998,1,1.9,2,100,0,0,0,0,0
"320",1568,63,39,92,94710,2,0,3,0,0,0,0,1,0
"321",2377,58,33,23,91768,3,0.2,1,0,0,0,0,0,0
"323",1258,63,37,41,93014,1,0.5,3,0,0,0,0,0,1
"325",4910,41,16,25,95014,2,0.1,2,0,0,0,0,0,1
"327",877,40,14,58,94025,2,2.8,1,0,0,0,0,1,0
"328",2617,56,31,49,92182,2,1.6,3,103,0,0,0,1,0
"330",3211,43,19,60,94301,2,2.5,1,0,0,1,0,0,0
"331",1916,37,11,69,91911,3,2.1,1,0,0,1,0,0,0
"332",3178,30,4,83,91007,2,1.5,3,199,0,0,0,0,1
"333",879,33,3,74,95616,4,4,3,0,0,0,0,0,0
"334",4600,49,25,149,90024,2,0.4,1,0,0,0,0,1,0
"335",3594,60,34,44,90018,2,0.3,1,192,0,0,0,1,0
"336",3966,39,15,94,91941,2,1.9,1,0,0,0,0,1,0
"337",3772,31,7,109,91711,2,2,2,341,0,0,0,0,1
"338",649,50,25,34,95621,1,1.3,2,0,0,0,0,1,0
"339",1054,58,32,51,95819,1,2.8,2,0,0,0,0,1,0
"340",2704,51,27,71,92521,1,2.6,2,0,0,0,0,0,1
"341",414,32,7,42,92407,3,2.3,1,0,0,0,0,1,0
"342",141,51,25,31,90245,2,0.4,3,161,0,0,0,1,1
"343",4582,37,13,59,94234,1,1.5,3,0,0,0,0,0,1
"344",791,55,30,58,92028,4,0.9,1,0,0,0,0,1,1
"346",1549,57,32,21,92037,4,0.9,2,113,0,1,0,0,0
"347",2328,51,25,70,90095,1,0.8,3,0,0,1,0,1,0
"349",1832,47,22,30,94118,4,0.4,2,115,0,0,0,1,1
"351",4655,44,17,69,90095,3,2.67,2,0,0,0,0,0,0
"352",4315,35,9,79,94305,4,2.2,2,0,0,0,0,0,0
"353",4335,55,29,92,92130,1,1.9,2,0,0,0,0,0,0
"354",2760,59,33,64,95617,3,0.3,2,0,0,0,0,0,0
"356",2308,56,31,60,92009,3,1.7,1,0,0,0,0,1,0
"357",1214,27,2,78,93943,4,0.2,1,87,0,0,0,0,0
"360",797,30,6,82,93657,2,2.5,1,0,0,0,0,0,0
"361",921,27,1,42,94501,3,2.4,2,0,0,0,0,0,0
"362",1480,28,4,43,91304,1,1,3,102,0,0,0,0,0
"363",2507,66,42,39,94590,1,1.9,2,0,0,0,0,1,1
"365",380,25,0,28,92093,2,1.7,2,0,0,0,0,0,0
"366",3159,54,28,64,90095,2,0.8,3,0,0,1,0,1,0
"367",2787,36,10,83,94705,1,2.8,3,0,0,0,0,0,1
"368",3672,50,25,18,93106,1,0.4,3,0,0,0,0,1,0
"370",3875,36,12,92,94709,2,0,1,184,0,0,0,0,0
"371",3569,30,4,194,93407,2,4.5,1,0,0,0,0,0,1
"373",2877,24,-2,80,91107,2,1.6,3,238,0,0,0,0,0
"374",1874,28,4,69,94538,3,0.7,2,80,0,0,0,1,0
"375",1599,40,15,85,94550,2,0.4,1,0,0,1,0,0,0
"378",4123,56,30,195,90089,1,2.9,1,0,0,0,0,0,0
"379",391,45,19,45,92521,1,0.2,1,0,0,0,0,1,0
"381",876,61,36,21,95616,4,0.4,2,123,0,0,0,0,0
"383",3401,48,22,39,94065,1,1.2,2,0,0,0,0,0,0
"384",1843,53,29,93,95051,1,2.7,2,256,0,0,0,1,0
"385",2729,39,13,58,94555,3,2.1,1,247,0,0,0,1,0
"389",3860,50,24,62,90245,1,1.4,3,0,0,0,0,0,0
"390",768,64,39,38,92024,1,1.1,3,108,0,0,0,0,0
"391",2610,42,18,120,93407,2,7.5,1,0,0,1,0,0,0
"394",458,29,3,69,94303,3,0.3,3,0,0,0,0,0,0
"395",3276,32,8,65,95134,1,1.2,1,268,0,0,0,1,0
"396",3,39,15,11,94720,1,1,1,0,0,0,0,0,0
"398",2295,39,15,129,90035,2,1.9,1,0,0,0,0,0,0
"400",3386,42,17,73,90089,4,0.4,1,0,0,1,0,0,0
"401",3955,32,7,134,93108,2,3.1,1,0,0,0,0,0,0
"402",485,25,1,113,95023,2,0.2,1,0,0,0,0,1,1
"403",4151,46,20,72,92009,2,1.7,2,75,0,0,0,1,0
"404",2083,32,7,55,91301,4,2,2,0,0,0,0,1,0
"406",4718,29,5,121,95449,1,1.5,1,0,0,0,0,1,0
"408",1411,60,35,44,92126,4,2.1,1,0,0,0,0,0,0
"410",1898,54,29,98,93065,1,0.1,3,0,0,0,0,0,0
"411",670,56,29,41,94109,4,2.5,2,0,0,0,0,0,0
"412",4299,43,19,122,93106,1,0.3,1,0,0,0,0,1,0
"414",3339,35,9,43,92037,4,1.2,2,0,0,1,0,1,0
"415",3335,40,14,30,94720,2,0.8,3,86,0,0,0,0,0
"416",2788,60,34,152,92807,2,6.9,1,0,0,0,0,0,0
"418",1003,46,20,85,95617,2,0.4,3,0,0,0,0,0,0
"419",1958,29,4,121,90028,2,3.3,1,0,0,0,0,1,0
"420",4967,41,17,34,91361,1,0.7,1,143,0,0,0,0,0
"421",3002,33,7,81,92647,3,1.6,1,0,0,0,0,1,1
"422",3896,36,12,59,94104,3,2,1,216,0,0,0,0,0
"423",1187,62,38,43,94928,4,1.2,2,0,0,0,0,1,0
"424",566,55,29,79,90210,3,0.8,1,0,0,0,0,1,0
"425",3497,37,13,49,91711,4,2,3,192,0,0,0,0,0
"426",4013,30,6,124,91320,2,0.6,1,0,0,0,0,1,0
"427",2181,58,33,42,91380,2,1.6,3,0,0,0,0,1,0
"428",4516,29,3,49,94305,4,2.1,3,0,0,0,0,0,0
"430",4827,56,31,81,93943,2,0,3,225,0,0,0,0,0
"431",4269,49,23,108,95616,2,2.4,2,0,0,0,0,1,0
"435",1721,52,28,8,95060,1,0.3,1,0,0,0,0,1,0
"437",417,40,15,85,94304,2,0.4,1,0,0,0,0,1,0
"439",2829,35,10,64,94306,3,0.7,2,230,0,0,0,1,0
"440",3640,51,26,191,94063,1,8.1,1,0,0,1,0,1,0
"441",4140,29,3,81,95827,1,2.9,3,0,0,0,0,0,0
"442",1821,47,22,25,90404,1,0.1,1,148,0,0,0,1,0
"443",2131,55,31,74,94607,3,2.67,1,0,0,0,0,0,1
"444",52,61,37,131,94720,1,2.9,1,0,0,0,0,1,0
"445",386,35,9,40,93943,3,0.9,1,0,0,0,0,1,0
"446",2433,54,30,45,92182,4,0.9,2,0,0,0,0,0,1
"447",1863,42,17,82,95616,1,3.7,3,0,0,0,0,1,0
"448",1740,33,7,83,95211,1,2.5,1,0,0,1,1,1,1
"449",3393,32,7,58,92612,1,1,1,0,0,0,0,1,0
"451",492,42,18,34,92115,4,0.3,1,104,0,1,0,1,0
"452",377,45,21,61,94304,3,0.7,1,0,0,0,0,0,0
"453",4501,50,26,24,94305,4,0.5,2,0,0,0,0,0,1
"454",2275,40,15,21,90034,2,0,3,0,0,0,0,1,0
"457",2370,50,24,45,94005,4,0.1,1,93,0,0,0,1,0
"458",4111,66,41,59,95617,3,2.4,1,0,0,0,0,0,0
"459",4892,56,31,61,90024,4,0.9,1,0,0,1,1,1,1
"460",106,24,0,35,94704,3,0.1,2,0,0,1,0,1,0
"461",497,50,24,83,94301,2,0.4,3,0,0,0,0,1,0
"462",1451,59,34,80,90086,3,0.5,1,0,0,0,0,1,1
"463",2341,33,9,44,94112,1,1.2,1,0,0,0,0,0,0
"465",1685,60,34,83,94028,2,2,1,249,0,0,0,0,0
"466",705,56,32,129,94065,1,7.4,1,0,0,0,0,0,0
"467",2213,46,22,83,95060,1,2.7,1,0,0,0,0,1,0
"468",1006,38,12,138,95112,2,0,1,0,0,1,0,1,0
"469",3895,32,6,44,92886,1,0.3,1,81,0,0,0,1,1
"470",1905,38,14,91,95060,2,0,1,0,0,0,0,1,0
"471",1756,28,3,55,92647,4,1.7,2,0,0,0,0,1,1
"473",3167,29,4,80,90028,1,0.8,2,0,0,0,0,1,1
"474",1145,49,24,91,95822,1,2.8,2,0,0,0,0,0,0
"475",940,56,32,8,93943,2,0.3,1,0,0,0,0,1,1
"477",145,49,23,70,92093,2,1.5,2,0,0,0,0,0,0
"478",3771,40,16,75,94306,3,2.33,1,79,0,0,0,0,0
"479",3741,59,35,174,92660,1,4.7,1,0,0,0,0,1,1
"480",1081,47,22,24,90717,4,0.4,2,142,0,0,0,1,0
"481",2437,53,29,39,92626,3,1.5,1,0,0,0,0,1,0
"482",1303,42,16,38,94087,3,0.9,3,0,0,0,0,0,0
"483",299,43,19,81,92069,2,3.2,1,0,0,0,0,0,0
"484",4882,57,32,24,92346,2,0.2,3,140,0,0,0,1,0
"486",3470,26,2,79,95630,2,2.5,1,0,0,0,0,1,0
"487",234,62,37,58,91320,4,1.7,1,0,0,0,0,1,0
"488",3377,46,21,170,95136,2,2.8,1,0,0,0,0,0,0
"489",1722,54,29,59,92867,2,2.3,3,152,0,0,0,1,0
"490",1805,40,16,64,92661,4,2.67,1,0,0,1,0,1,0
"492",3655,53,28,61,94061,4,0.9,1,177,0,0,0,0,0
"493",4729,59,35,31,90630,3,0.4,2,0,0,0,0,1,0
"494",1925,62,38,78,92009,1,1.8,3,0,0,0,0,0,0
"495",3774,62,36,83,93940,4,2.4,3,0,0,1,0,0,0
"496",4462,46,21,30,94301,4,1.9,3,0,0,0,0,1,0
"497",2825,62,36,44,92867,2,0.3,1,0,0,0,0,0,0
"498",3212,35,9,83,90277,2,4.5,3,0,0,0,0,1,0
"499",2650,33,8,68,92407,4,1.3,1,0,0,0,0,1,0
"501",1160,50,26,23,92028,4,0.2,1,0,0,0,0,0,1
"503",4808,40,14,53,90064,1,2,1,0,0,0,0,1,1
"504",1208,38,12,43,94301,4,1.2,2,0,0,0,0,0,1
"505",1551,40,14,39,93117,1,2,1,0,0,0,0,1,0
"506",351,39,14,113,94301,1,1,3,0,0,1,0,1,0
"507",3114,31,5,50,91330,4,2.1,3,209,0,0,0,1,0
"512",1544,52,26,101,93407,2,2.4,2,0,0,0,0,1,0
"513",4386,56,32,23,94610,1,1.2,3,127,0,0,0,1,1
"514",3229,27,2,45,94305,2,1.7,2,0,0,0,0,0,1
"515",4285,38,13,173,94305,2,3.3,1,243,0,0,0,0,0
"516",3889,45,18,81,95133,3,2.67,2,251,0,0,0,1,1
"517",2163,39,13,74,95008,3,0.9,2,155,0,0,0,1,0
"519",1153,63,37,21,95831,2,0.4,1,0,0,0,0,1,0
"520",3118,42,16,65,92614,3,0.5,3,256,0,0,0,1,0
"521",3625,58,28,70,92028,1,1.4,3,0,0,0,0,0,0
"522",1397,42,18,43,91107,1,0.3,3,158,0,0,0,0,0
"524",1909,50,26,22,92037,4,0.5,2,112,0,0,0,1,0
"525",4526,36,11,110,94110,1,3.8,1,0,0,0,0,1,1
"526",1354,50,25,14,94124,1,0.4,3,0,0,0,0,1,1
"527",1212,61,36,131,92407,1,0.9,1,0,0,0,0,1,0
"528",4609,44,19,28,91604,1,0.3,3,0,0,0,0,1,0
"529",4384,28,4,85,94709,3,2.5,1,0,0,0,0,1,0
"530",520,34,9,48,95616,1,2.5,3,105,0,0,0,1,0
"532",3102,55,31,91,93555,2,2.8,1,0,0,0,0,0,0
"534",709,35,10,21,92182,3,1.3,1,115,0,0,0,0,0
"535",4109,64,39,73,94025,3,2.2,1,0,0,1,0,0,1
"536",2225,38,12,29,92084,2,1.4,3,0,0,0,0,1,0
"537",3189,55,25,90,90717,2,4.5,3,0,0,0,0,0,1
"539",400,28,3,84,90024,4,0.2,1,0,0,0,0,1,1
"540",4783,26,0,150,91311,2,7.2,1,0,0,0,0,0,1
"542",1465,28,4,120,92333,2,0.6,1,0,0,0,0,1,0
"543",764,54,28,65,94122,1,0.2,1,0,0,0,0,0,1
"544",3397,52,28,65,93106,1,0,1,0,0,0,0,1,1
"545",2769,48,22,163,95819,1,2.4,1,396,0,0,0,1,0
"546",1032,56,32,25,95403,1,0.1,2,136,0,0,0,1,0
"547",901,30,4,51,94709,4,0.2,1,172,0,0,0,0,1
"548",1113,52,28,51,94949,1,1.6,3,0,0,1,0,0,1
"549",3185,39,15,141,92354,2,8,1,0,0,0,0,1,0
"550",4857,56,31,80,92069,4,1.3,3,0,0,0,0,1,0
"552",3418,39,12,23,90024,3,1,2,0,0,0,0,1,1
"555",4227,37,13,45,94591,1,1.8,1,0,0,0,0,0,0
"556",4641,30,6,42,90034,1,2.1,3,0,0,0,0,1,0
"557",2489,38,14,105,94708,2,1.9,1,0,0,0,0,1,0
"558",4054,35,11,90,94720,2,0,1,0,0,0,0,0,0
"561",1347,44,20,50,95670,3,2.33,1,200,0,0,0,0,0
"562",4504,45,21,33,92374,3,0.5,1,108,0,0,0,1,0
"563",4715,27,3,81,90291,3,1.5,1,307,0,1,1,1,1
"564",4790,58,34,84,95120,4,1.6,2,0,0,0,0,1,0
"565",88,48,22,78,94305,3,1.1,1,0,0,0,0,1,0
"566",717,29,5,31,96064,4,0.4,2,161,0,0,0,1,1
"567",3083,39,13,40,92122,3,0.9,3,129,0,0,0,1,0
"568",103,53,23,44,93555,3,1,3,198,0,0,0,1,1
"570",4697,59,35,70,92103,4,2.3,3,0,0,0,0,0,0
"571",890,24,-2,82,91103,2,1.6,3,0,0,0,0,1,1
"572",3163,33,7,28,94109,4,0.8,1,0,0,0,0,1,0
"573",1475,48,23,79,92124,2,3.8,3,0,0,0,0,1,0
"574",2457,54,30,39,95211,2,0.8,1,0,0,0,0,0,1
"575",133,31,1,51,90840,2,1.75,3,0,0,0,0,0,0
"578",3467,33,6,53,94122,2,1,2,96,0,0,0,0,1
"579",50,40,16,49,92373,1,1.8,1,0,0,0,0,0,1
"580",3103,49,25,30,90095,4,0.9,2,0,0,0,0,0,1
"581",4519,53,28,30,94609,4,0.2,2,0,0,0,0,1,0
"582",1508,43,18,50,91006,4,1.9,3,0,0,0,0,0,0
"583",4598,34,10,68,90095,3,2.6,2,0,0,0,0,0,0
"584",2705,38,13,191,91710,2,3,1,0,0,0,0,1,0
"585",1247,48,22,59,91775,1,1.4,3,241,0,0,0,1,0
"587",2732,29,5,28,96651,1,0.2,3,0,0,0,0,1,0
"588",4898,43,18,44,91345,1,2.4,1,0,0,0,0,0,0
"589",4331,62,37,44,90401,1,1.1,3,0,0,0,0,0,0
"590",807,53,27,44,94542,4,1.5,3,0,0,0,0,0,0
"591",397,50,24,29,93023,4,0.1,1,0,0,0,0,0,0
"592",1932,28,2,140,92122,2,2,1,0,0,0,0,1,0
"593",4112,43,17,21,95351,3,1.5,1,0,0,0,0,0,0
"594",2719,59,33,68,95064,2,2.3,3,0,0,1,0,0,0
"595",4160,45,20,70,94305,4,1.9,3,0,0,0,0,1,1
"596",3704,67,41,78,94301,4,2.4,3,0,0,1,0,0,0
"597",858,49,25,30,95616,4,0.2,1,0,0,0,1,1,1
"598",4978,40,15,54,90266,3,0.8,3,0,0,0,0,1,0
"599",3074,29,5,149,94611,1,1.5,1,0,0,0,0,1,0
"600",3091,61,31,19,91109,1,1.5,3,0,0,0,0,1,0
"602",4034,54,24,69,93117,3,1.4,3,132,0,0,0,1,0
"604",1644,41,16,13,91125,2,0,3,0,0,0,0,1,0
"605",2761,32,7,49,94080,3,2.3,1,0,0,0,0,1,0
"606",3024,63,37,105,92694,4,1.7,3,244,0,0,0,0,1
"607",183,24,0,135,95133,1,1.5,1,0,0,0,0,1,0
"608",3940,47,23,12,92110,4,0.2,1,102,0,0,0,0,1
"609",3288,39,13,32,90747,2,0.8,3,0,0,0,0,1,0
"610",2468,40,16,83,92350,1,0.8,2,230,0,1,0,1,0
"611",3145,43,18,104,91711,3,1,1,0,0,0,0,1,0
"612",294,45,19,93,90095,4,2.6,3,0,0,0,0,0,0
"613",4092,32,6,122,94025,2,1.3,1,0,0,0,0,1,1
"615",3738,44,19,30,91423,1,0.5,3,0,0,0,0,1,0
"616",3011,25,1,72,94301,3,0.8,1,0,0,0,0,1,0
"618",3739,54,28,45,95008,3,1.4,1,0,0,0,0,0,1
"621",2309,39,13,58,94590,2,2.4,2,0,0,0,0,1,0
"622",2111,28,4,104,94301,3,2.5,1,0,0,0,0,0,0
"623",371,36,12,25,92101,4,1,1,147,0,0,0,0,0
"624",3907,61,35,60,90245,1,2.5,3,0,0,0,0,1,0
"626",4487,44,19,48,92735,3,0.8,3,0,0,0,0,0,1
"627",4165,35,10,23,90058,4,1.1,3,0,0,0,0,0,1
"628",1504,34,8,52,94720,4,2.2,2,0,0,0,0,0,0
"630",373,56,30,44,93105,4,0.7,2,174,0,0,0,1,0
"632",1746,37,12,40,90065,2,1.1,2,0,0,1,0,0,1
"633",3599,37,11,61,95120,3,0.9,2,0,0,0,0,0,0
"634",522,48,24,75,92518,4,1.4,2,0,0,0,0,1,0
"635",3645,59,33,41,91711,4,2.5,1,174,0,0,0,0,0
"636",2576,42,16,41,90401,3,0.5,3,0,0,0,0,1,0
"637",762,48,24,84,92152,3,0.7,1,166,0,0,0,1,0
"638",306,60,35,22,91207,1,1.3,1,123,0,0,0,1,0
"639",3280,26,-1,44,94901,1,2,2,0,0,0,0,0,0
"640",1829,30,4,25,92123,2,0.3,2,0,0,0,0,0,0
"641",1243,29,4,44,91380,4,2,2,0,0,0,0,1,0
"642",4108,47,22,81,94123,1,2.9,1,0,0,0,0,0,1
"644",150,48,22,42,93955,3,2.2,2,0,0,0,0,0,0
"645",1588,52,28,21,94035,2,0.4,1,0,0,1,0,1,0
"646",4572,58,28,95,94304,1,3,3,0,0,0,0,0,0
"647",4949,44,20,43,95032,1,0.7,1,0,0,0,0,0,1
"648",2561,44,18,71,93943,2,0.8,3,0,0,0,0,1,0
"649",996,28,3,45,94305,2,1.6,3,0,0,0,0,1,1
"651",667,52,26,112,92120,1,2.4,1,0,0,1,1,1,1
"652",4418,54,28,92,92374,2,1.1,1,0,0,0,0,1,0
"653",3284,56,30,29,92152,4,0.7,2,87,0,0,0,1,0
"654",356,43,19,71,92101,3,0.3,3,0,0,0,0,0,1
"655",2004,44,20,124,90277,1,4.7,1,0,0,0,0,1,1
"656",1365,44,19,69,92129,4,0.4,1,0,0,0,0,0,0
"657",65,47,23,105,90024,2,3.3,1,0,0,0,0,0,0
"658",3137,60,34,65,95354,3,2.2,3,94,0,1,1,0,1
"661",4369,31,7,25,93943,2,1,2,0,0,1,1,1,1
"662",815,33,8,45,93943,2,0.1,1,0,0,0,0,0,1
"663",574,55,28,50,95020,3,1,2,0,0,0,0,1,1
"664",1276,27,2,92,95616,2,3.1,1,178,0,0,0,1,0
"665",1701,43,16,71,90089,3,2.33,2,0,0,0,0,0,0
"666",1399,42,18,141,93407,1,3.5,1,0,0,0,0,0,0
"667",4031,58,32,44,92354,1,0.8,2,0,0,0,0,0,0
"668",2609,61,35,79,94024,2,2,1,194,0,0,0,1,1
"669",1056,31,6,62,95630,1,1,1,0,0,1,0,1,0
"671",3994,30,6,13,93555,3,0.9,3,0,0,0,0,1,0
"672",2968,38,14,95,94109,2,1.9,1,0,0,0,0,1,1
"674",967,57,32,44,91605,2,1.6,3,0,0,0,0,0,0
"675",3343,38,13,84,91330,3,1.2,3,121,0,0,0,1,1
"676",2273,27,3,90,91365,3,0.8,1,0,0,0,0,1,0
"677",681,61,36,51,94706,3,1.5,1,0,0,0,0,0,1
"679",2943,29,5,160,90405,1,4.3,1,385,0,0,0,1,0
"681",2640,52,26,59,95762,3,3,2,0,0,0,0,1,0
"682",1312,37,11,35,90044,2,0.8,3,125,0,0,0,0,0
"683",4201,43,19,74,94035,4,1.9,1,0,0,0,0,0,1
"684",2152,41,16,19,91730,2,0.3,2,105,0,0,0,0,0
"685",911,60,36,79,92120,1,1.8,3,0,0,0,0,0,1
"687",1485,55,30,40,94126,2,2.3,3,0,0,1,0,1,0
"690",1961,44,19,30,95616,4,0,2,0,0,0,0,1,0
"691",2421,63,39,40,91304,1,0.8,1,118,0,0,0,0,1
"692",3742,53,29,51,92152,2,3.2,3,0,0,0,0,1,0
"693",4342,28,3,53,94305,2,1.6,3,0,0,0,0,0,0
"694",117,54,29,35,92831,1,1.5,2,0,0,0,0,1,0
"696",3209,53,29,61,95032,4,1.6,2,0,0,0,0,1,0
"697",173,38,13,171,92717,2,7.8,1,0,0,0,0,1,0
"698",1183,28,2,19,94720,4,0.4,1,0,0,0,0,1,1
"699",4037,46,21,13,93117,2,0.7,3,0,0,0,0,1,0
"701",849,57,32,19,94720,4,0.9,2,0,0,0,0,1,0
"702",3141,33,7,31,94303,4,1,1,0,0,0,0,1,1
"704",2800,64,39,85,94720,4,3.4,2,200,0,0,0,1,0
"705",2124,28,2,9,95014,1,0.1,2,0,0,0,0,1,0
"706",3873,53,29,63,94720,2,1,3,0,0,0,0,1,0
"707",1502,30,4,35,92130,2,0.3,2,0,0,1,0,0,1
"708",178,29,3,65,94132,4,1.8,2,244,0,0,0,0,0
"709",1778,52,27,34,93117,2,0.7,2,114,0,0,0,1,1
"710",279,50,26,21,91125,4,1,1,0,0,0,0,1,0
"711",2240,55,29,42,95833,4,2.5,1,0,0,1,0,0,0
"712",1844,30,6,154,90230,1,6,1,0,0,0,0,0,0
"713",1225,59,35,45,94920,1,1.8,3,0,0,0,0,1,0
"714",1139,30,6,83,93101,4,3.4,1,0,0,1,0,1,0
"715",425,56,30,38,92029,1,0.2,1,0,0,0,0,0,0
"716",2245,57,31,53,92806,1,0.8,2,120,0,0,0,0,0
"717",475,60,34,114,90028,2,6.9,1,0,0,0,0,1,0
"718",1538,58,34,41,94608,4,1.3,1,0,0,0,0,1,0
"719",2251,46,22,154,93109,1,5,1,0,0,0,0,1,0
"720",4945,49,24,33,92093,3,1.7,2,0,0,0,0,1,0
"724",2520,60,36,10,92121,2,1,1,0,0,0,0,1,1
"725",4930,62,36,39,92028,2,0.3,1,0,0,0,0,1,0
"726",3417,61,37,62,94111,1,0,2,244,0,0,0,1,0
"727",1699,44,20,149,92121,1,1.7,1,0,0,0,0,1,0
"728",3119,64,39,114,90095,1,0.8,3,0,0,0,0,1,0
"729",4952,53,27,65,92124,1,2.2,3,0,0,0,0,1,1
"730",2796,51,25,91,92407,1,0.8,3,0,0,0,0,0,0
"731",1043,64,34,50,95616,4,1.67,3,0,0,0,0,1,0
"732",4968,41,16,69,92697,1,0.1,2,0,0,0,0,1,0
"733",1391,29,3,80,94305,4,1.8,2,0,0,0,0,1,1
"734",4295,58,34,150,92110,1,7.4,1,481,0,0,0,1,0
"735",2815,54,28,53,94002,1,2.2,3,0,0,0,0,1,1
"736",4664,28,3,115,92407,1,1.9,1,200,0,0,0,1,0
"737",3711,49,22,23,90032,2,1,2,0,0,0,0,1,1
"738",3571,54,29,32,91107,2,0.6,3,0,0,0,0,1,1
"739",4439,43,18,22,90025,2,0,3,0,0,0,0,0,0
"740",2532,59,35,14,94305,2,1,1,107,0,0,0,1,0
"741",4796,46,21,39,91710,2,1.3,1,101,0,0,0,1,0
"742",3977,60,33,42,90277,4,2.5,2,194,0,0,0,1,0
"743",4345,53,28,181,95051,1,8.1,1,0,0,0,0,1,0
"744",2802,58,34,41,91016,4,0.4,1,177,0,0,0,1,0
"745",4380,42,17,53,93023,4,1.9,3,0,0,0,0,1,0
"746",2294,42,17,14,91768,2,0.1,2,0,0,0,0,1,0
"747",2485,46,21,30,92697,1,1.4,3,112,0,1,0,0,0
"748",1846,43,18,65,93065,2,2.2,3,0,0,0,0,1,0
"749",4755,57,33,93,94025,2,1.6,1,161,0,0,0,0,0
"750",98,54,28,161,92121,1,2.9,1,0,0,0,0,1,0
"751",711,43,17,59,94085,3,0.9,3,87,0,0,0,1,1
"752",424,43,19,161,95616,2,7.5,1,0,0,0,0,0,0
"753",37,59,35,121,94720,1,2.9,1,0,0,0,0,0,1
"754",2700,37,11,22,90035,3,0.1,2,114,0,0,0,0,0
"755",3345,43,19,110,90639,1,3.4,1,0,0,0,0,0,1
"757",4933,59,35,111,91107,1,4.3,1,0,0,0,0,1,0
"758",3010,33,9,74,92120,3,2.6,2,0,0,0,0,1,0
"759",691,59,34,52,94115,2,1.6,3,75,0,0,0,1,0
"760",3854,45,21,83,94105,4,2,3,0,0,0,0,1,0
"761",4723,40,16,63,92807,1,1.5,3,0,0,0,0,0,0
"762",2400,62,36,41,90245,2,1,3,154,0,1,0,1,0
"763",2866,59,33,23,94002,2,0.2,3,0,0,0,0,1,0
"766",954,51,26,28,92130,4,0.2,2,0,0,1,0,1,0
"767",3973,29,5,112,94998,2,4.33,1,0,0,0,0,1,1
"768",4610,54,28,80,95006,4,2.6,3,143,0,0,0,0,0
"770",3395,25,-1,113,90089,4,2.1,3,0,0,0,0,1,0
"771",4204,59,33,88,93106,4,1.9,2,0,0,0,0,0,0
"772",4944,26,0,12,96003,1,0.1,2,0,0,0,0,1,0
"774",1628,46,20,82,91016,3,0.7,2,0,0,0,0,1,1
"775",4252,42,16,62,95064,3,0.9,3,0,0,0,0,1,0
"776",622,41,17,114,91125,2,1.8,2,0,0,0,0,1,0
"777",190,55,29,112,94043,2,1.4,1,0,0,0,0,1,0
"778",2114,57,33,25,92064,2,1,1,0,0,0,0,1,0
"779",793,41,16,98,93117,1,4,3,0,0,0,0,0,1
"780",2464,35,9,44,92009,4,0.2,1,0,0,0,0,1,0
"782",466,66,42,35,94305,1,1.9,2,172,0,0,0,1,0
"784",4206,61,36,139,95133,2,3.9,1,0,0,0,0,0,0
"785",4000,47,21,90,90245,2,0.8,3,0,0,0,0,0,0
"786",2738,57,31,159,94577,2,0.5,1,0,0,0,0,0,0
"787",6,37,13,29,92121,4,0.4,2,155,0,0,0,1,0
"789",2155,32,8,45,94558,1,2.4,2,0,0,0,0,0,0
"790",2818,31,7,105,94025,1,4,1,331,0,0,0,1,0
"791",3316,48,22,80,94720,3,1.1,1,0,0,0,0,0,0
"792",819,51,27,42,95039,4,1.1,2,0,0,0,0,1,1
"793",756,56,30,45,91103,4,0.7,2,0,0,0,0,0,1
"795",160,61,35,41,94545,4,1.7,2,0,0,1,0,1,0
"797",438,36,9,31,95825,4,1,2,0,0,1,0,1,0
"798",834,61,35,63,94939,3,2.2,3,0,0,0,0,0,0
"799",3945,56,26,62,91320,3,1.4,3,0,0,0,0,1,0
"800",4421,62,38,149,92130,1,4.7,1,0,0,0,0,1,0
"801",3900,60,34,43,92697,1,1.4,1,0,0,0,0,1,1
"802",2387,31,5,72,94542,3,1.6,1,0,0,0,0,1,0
"803",2654,30,5,121,94555,2,3.1,1,408,0,0,0,1,0
"805",2992,42,17,113,93014,3,1,1,0,0,1,0,1,0
"806",2921,60,35,44,94720,2,1.6,3,170,0,0,0,1,0
"807",2471,33,7,81,92122,2,4.5,3,187,0,0,1,1,1
"808",2389,64,39,23,91768,3,0.5,1,0,0,1,0,0,0
"809",4678,25,0,38,93407,2,1.6,3,0,0,0,0,0,0
"810",3200,33,9,20,95521,4,0.7,2,0,0,0,0,1,0
"811",2898,28,2,34,92161,4,1.3,3,0,0,0,0,0,0
"813",4362,55,30,42,93940,2,2,2,196,0,0,0,0,1
"814",4878,53,29,53,92648,4,0.1,3,0,0,0,0,0,0
"815",1664,57,32,42,95070,3,0.5,2,0,0,1,0,1,0
"816",2590,64,40,123,90840,1,3.8,1,0,0,0,0,1,1
"817",4948,39,13,41,95064,2,0.3,1,108,0,0,0,1,1
"818",1781,49,24,82,95051,1,2.9,1,267,0,0,0,1,0
"819",2222,59,33,73,92056,2,1.7,3,0,0,0,0,1,1
"821",3300,60,34,90,92192,4,1.9,2,0,0,0,0,1,0
"822",4010,42,18,189,91605,2,7.6,1,0,0,0,0,1,0
"823",4410,43,19,75,91765,4,0.2,3,102,0,0,0,1,0
"824",2129,65,40,40,94104,1,1.1,3,0,0,0,0,0,0
"825",805,54,28,34,94061,4,0.7,2,0,0,0,0,1,0
"826",1447,29,4,22,92661,2,0.9,3,110,0,0,0,0,0
"827",3779,66,41,14,95814,4,0.6,2,0,0,0,0,0,0
"828",4189,30,4,45,90041,4,1.3,3,0,0,0,0,0,0
"829",1458,42,16,25,94304,2,0.8,3,0,0,0,0,0,1
"830",1119,42,17,98,95670,2,0.4,1,0,0,0,0,1,1
"831",2476,52,26,79,95817,3,0.8,1,183,0,0,0,0,0
"832",4883,43,19,73,94301,3,2.33,1,0,0,1,1,1,1
"833",831,29,5,72,92407,3,0.7,2,81,0,0,0,0,0
"834",3707,58,33,51,94305,2,1.6,3,123,0,0,0,1,0
"836",4156,55,30,28,90291,4,0.1,3,149,0,0,0,1,1
"837",4834,49,24,109,92647,1,0.6,1,0,0,0,0,0,0
"838",2641,39,13,81,94309,2,2.8,1,0,0,0,0,1,0
"839",4776,44,14,33,94063,1,0.75,3,171,0,0,0,0,0
"840",151,46,22,118,94107,2,7.5,1,0,0,0,1,1,1
"841",3352,52,26,191,92121,1,1.7,1,0,0,0,0,1,0
"842",687,24,-1,38,92612,4,0.6,2,0,0,0,0,1,0
"844",2675,30,6,101,90245,2,0.6,1,0,0,0,0,1,0
"845",823,61,35,60,96091,3,1.4,3,0,0,0,0,0,0
"846",1792,48,22,139,94309,1,0,1,0,0,0,1,1,1
"848",4182,47,22,22,90024,1,0.4,3,0,0,0,0,1,0
"849",859,45,19,19,94720,3,0.5,2,0,0,0,0,1,0
"850",4277,50,24,155,92717,1,7.3,1,0,0,0,0,1,1
"851",2623,54,28,39,90245,4,0.7,2,0,0,0,0,1,0
"852",509,47,22,15,95521,2,0.7,3,0,0,0,0,0,0
"853",2574,58,34,80,90095,2,1.6,1,0,0,0,0,1,1
"854",659,52,26,35,91711,3,0.9,3,0,0,0,0,0,0
"855",4633,54,29,62,94720,4,0.7,1,0,0,0,0,0,1
"856",4894,42,12,39,94704,3,2,3,0,0,1,1,1,1
"858",3463,58,33,28,94608,2,0.5,2,146,0,1,0,1,0
"859",1133,34,9,55,94920,3,2.3,1,0,0,1,1,1,1
"860",4725,34,8,21,94107,4,1,1,0,0,0,0,0,0
"861",1763,65,35,55,94526,4,1.67,3,89,0,0,0,1,1
"862",2807,53,27,59,90740,2,0.8,3,0,0,0,0,1,0
"863",754,49,23,49,94720,1,1.2,2,0,0,0,0,1,1
"864",721,58,32,38,94025,1,2.2,3,0,0,0,0,0,0
"866",4390,58,32,40,90057,1,1.6,1,0,0,1,1,1,1
"867",4969,58,32,41,93022,4,2.5,1,0,0,0,0,1,1
"868",4548,50,25,32,94304,2,0.7,2,0,0,0,0,1,0
"869",676,29,2,33,91711,1,2,2,160,0,0,0,0,0
"870",4537,62,37,38,92354,3,0.5,2,0,0,0,0,0,0
"872",4007,56,32,28,92130,1,1.2,3,0,0,0,0,1,0
"873",4397,30,5,14,95014,4,0.5,3,0,0,0,0,1,0
"875",460,35,10,200,91107,2,3,1,458,0,0,0,0,0
"876",2098,37,11,14,90740,3,0.1,2,113,0,0,0,1,0
"878",648,62,38,64,95064,4,2.2,1,123,0,1,1,1,1
"879",536,51,25,132,94143,1,0.3,1,0,0,0,0,1,0
"880",1330,28,4,32,90095,3,1,2,0,0,0,0,0,0
"881",4648,59,35,43,95616,4,1.3,1,0,0,0,0,1,0
"882",1581,39,14,12,92093,2,0,3,0,0,0,0,0,0
"883",3691,63,39,41,95449,2,1.1,1,0,0,0,0,0,0
"884",4290,54,28,95,90254,1,1.9,2,0,0,0,0,1,0
"885",1249,44,19,35,94305,4,0,2,0,0,0,0,1,0
"886",3380,65,41,83,94305,3,2,3,0,0,0,0,1,0
"887",232,35,10,61,94304,4,2.1,3,0,0,0,0,1,0
"888",69,47,21,60,93407,3,2.1,1,0,0,0,0,1,1
"889",3299,56,32,11,94110,2,0.3,1,89,0,0,0,0,0
"890",1171,35,10,104,91320,3,0.6,2,0,0,0,0,0,1
"891",2551,32,8,20,93106,1,0.5,3,102,0,0,0,1,0
"892",3867,51,25,40,91401,4,1.8,1,0,0,1,0,0,1
"893",2138,65,40,83,92354,4,0.1,2,247,0,0,0,1,0
"894",1582,53,29,24,94105,2,0.2,1,0,0,0,0,0,1
"895",2523,63,37,145,94025,2,6.9,1,0,0,0,0,1,0
"897",3016,44,18,68,92673,4,2.9,1,0,0,1,0,0,1
"898",2991,49,25,163,94608,2,0.4,1,0,0,1,0,0,0
"899",2238,30,5,134,92647,1,0,1,0,0,0,0,1,1
"900",2279,30,4,204,91107,2,4.5,1,0,0,0,0,1,0
"902",1687,62,38,39,96003,4,2.2,1,0,0,1,0,1,0
"903",1541,34,8,11,91320,4,0.3,1,0,0,1,1,1,1
"904",3317,56,26,63,94501,3,2,3,0,0,0,0,1,0
"905",4743,58,33,25,92121,4,0.9,2,90,0,0,0,1,1
"906",625,33,6,54,92821,2,1.67,2,122,0,0,0,1,0
"907",946,57,32,33,91745,1,1.5,2,0,0,0,0,1,0
"908",2909,57,32,22,95616,3,0.1,2,0,0,0,0,1,0
"909",215,54,28,94,90291,1,1.9,2,0,0,0,0,0,0
"910",1866,36,6,90,91342,4,1.8,3,0,0,1,0,0,0
"911",1745,28,3,29,91105,4,0.8,1,135,0,0,0,1,0
"912",934,50,23,9,92064,2,1,2,0,0,0,0,1,0
"913",4690,51,27,43,95053,4,1.1,2,164,0,0,0,1,1
"914",129,38,14,74,92182,2,0,1,0,0,1,0,1,0
"915",3128,40,14,61,94539,4,0.2,3,0,0,0,0,1,0
"916",882,44,19,154,92116,2,8.8,1,0,0,0,0,1,0
"918",3071,28,3,74,91330,2,1.8,2,221,0,1,0,0,0
"920",4820,32,6,41,95833,3,0.9,1,179,0,0,0,0,0
"921",225,52,27,58,94305,4,1.8,3,91,0,0,0,0,0
"922",3287,62,36,58,95020,1,2.8,2,0,0,0,0,0,1
"923",1090,53,29,94,92103,4,1,2,0,0,0,0,1,0
"924",70,53,29,20,90045,4,0.2,1,0,0,0,0,1,0
"925",4063,38,14,43,95053,2,1.7,1,0,0,0,0,1,0
"926",3621,53,29,132,95020,2,0.3,1,403,0,0,0,0,0
"927",222,45,19,83,95051,2,1.7,2,0,0,0,0,1,0
"929",1859,35,11,65,90747,3,2.8,1,240,0,0,0,1,0
"930",3938,39,15,123,91604,2,2.2,1,92,0,0,0,0,1
"931",2827,37,11,21,94604,3,0.2,2,0,0,0,0,1,0
"932",3512,37,11,89,94609,1,1.5,3,0,0,0,0,1,0
"933",276,49,24,50,94706,4,1.8,3,0,0,1,0,0,0
"934",3201,48,23,70,92122,1,2.8,2,0,0,0,0,0,0
"935",4590,31,7,13,93727,1,0.5,3,0,0,0,0,1,0
"936",3743,32,8,181,94596,1,6,1,0,0,0,1,1,1
"937",315,63,37,45,93437,2,0.7,3,0,0,0,0,1,0
"938",3105,56,31,48,91775,2,2.1,3,0,0,0,0,0,1
"939",2586,51,26,70,91320,1,2.8,2,0,0,0,0,1,1
"940",1747,62,36,25,90740,3,0.3,3,0,0,0,0,1,1
"941",4450,30,6,44,95211,1,0.2,3,0,0,0,0,0,1
"942",2117,44,17,70,94920,3,2.67,2,0,0,0,0,0,0
"943",3544,37,11,194,94303,2,0,1,0,0,0,0,0,0
"944",3188,43,18,41,94035,1,0.5,3,0,0,0,0,0,0
"945",602,58,32,38,91320,1,1.4,1,0,0,0,0,1,1
"947",2742,29,3,49,90266,1,1.5,1,0,0,0,0,0,0
"948",623,41,17,92,93555,2,1.9,1,131,0,0,0,1,0
"951",1929,58,34,35,94122,1,1.2,3,0,0,0,0,1,0
"952",1860,67,41,20,91741,2,0.4,1,80,0,0,0,0,0
"953",2215,53,27,89,92735,1,0.8,3,146,0,0,0,1,1
"954",3701,48,22,128,94608,1,5.7,1,0,0,1,0,0,0
"955",1996,35,11,41,94720,1,2.4,2,0,0,0,0,0,0
"957",2120,39,13,50,94923,3,0.5,3,0,0,0,0,0,0
"958",1091,31,5,79,94720,4,2.2,2,0,0,0,0,0,0
"959",4744,50,26,21,94305,1,0.2,1,0,0,0,0,1,0
"960",2415,34,10,134,91775,1,4,1,0,0,0,0,0,0
"961",1282,39,15,52,92093,3,2.33,1,0,0,0,0,1,0
"962",3432,64,38,63,94305,2,1.7,3,184,0,1,0,1,0
"965",617,40,14,33,94025,2,1.4,3,0,0,0,0,1,1
"966",4026,51,27,53,94114,1,1.8,3,0,0,0,0,0,1
"967",3170,52,28,55,94608,1,1.6,2,227,0,0,0,0,0
"969",4463,33,7,39,95630,4,0.8,1,0,0,0,0,1,1
"970",1577,43,18,98,92131,2,0.4,1,0,0,0,0,1,0
"971",2091,50,25,79,95023,1,2.9,1,307,0,0,0,0,1
"972",316,24,-2,51,90630,3,0.3,3,0,0,0,0,1,0
"973",3567,57,33,80,92064,2,2.8,1,0,0,0,0,1,1
"974",3827,43,19,132,90089,1,5,1,0,0,0,0,0,0
"976",4657,47,21,38,91101,3,0.6,2,0,0,1,0,0,0
"977",192,51,25,29,90404,1,0.3,3,140,0,0,0,0,0
"978",2746,50,25,38,95616,1,1.3,2,120,0,0,0,0,1
"979",4672,39,14,104,95035,1,4,3,0,0,0,1,1,1
"980",4096,42,17,59,94105,4,0.4,1,0,0,0,0,1,0
"982",4651,47,23,63,95521,1,0.8,3,0,0,0,0,1,0
"984",1137,47,21,65,94086,1,1.5,2,0,0,1,0,1,0
"987",4385,45,20,61,92717,3,2.7,2,0,0,0,0,0,1
"988",478,64,39,24,95112,4,0.4,2,78,0,0,0,1,0
"989",1239,28,2,63,91116,2,1.6,3,0,0,0,0,1,0
"990",1937,50,24,82,90291,3,3,2,0,0,0,0,1,0
"991",2950,37,11,19,95054,3,0.2,2,0,0,0,0,1,0
"992",4352,30,3,32,94132,1,2,2,0,0,0,0,1,1
"993",242,48,22,71,91711,1,1.4,3,0,0,0,0,0,1
"994",2747,54,29,49,92703,2,2.1,3,95,0,0,0,1,1
"997",4805,58,32,40,94124,1,2.8,2,0,0,0,0,0,0
"999",1448,52,28,145,94131,2,6.8,1,0,0,0,0,1,0
"1001",3531,54,28,49,90073,4,2.8,2,0,0,1,0,0,0
"1002",3421,66,41,114,94305,1,0.8,3,0,0,0,0,1,1
"1003",2210,36,10,33,94080,3,0.9,1,0,0,0,0,0,0
"1004",3538,60,34,19,92093,3,0.3,3,0,0,0,0,1,0
"1005",3262,64,40,131,91103,1,3.8,1,0,0,0,0,0,0
"1006",2845,60,34,64,95014,3,2.2,3,0,0,0,0,0,0
"1007",2906,64,40,8,94110,2,0.3,3,0,0,0,0,1,0
